review_id,user_name,rating,date,text
846313d0-de9f-4e73-9abe-99d0a482656b,aranya dutta chowdhury,1,2026-07-11 13:10:08,multiple payment issues which they dont fix and instead give weird suggestions like turn off wifi and pay using mobile data. horrible app though food is good
33bd2126-e4c0-4b5b-b078-c244eb85c6f7,Anindita Guha,5,2026-07-11 10:44:02,Food taste is very good
c75bf4b6-a1ae-4641-8f57-7bc6be589b0d,Faisal Basheer,1,2026-07-07 13:13:02,please fix the meal picker (swap meal) view....its really buggy and freezes. There's no reason for it to be that heavy...given the content on the screen/tabs. The app makes the phone unresponsive on this view...is this vibe coded? 👀
ee957f99-0330-42c3-b1a7-a9d9e82bc44f,nan mo,2,2026-07-07 04:58:46,really high price
1141ef1f-1faa-45cf-bc10-cb981c9f434d,Maryam al Thawadi,5,2026-07-01 00:55:23,Food is so much better now! And their app is easy to use
95572fb5-02ee-4934-8642-050babd3466a,Niyaz Bulushi,1,2026-06-21 23:14:07,Big Ethics issue with Calo. Unfortunately no customer services.
610b6256-a05b-4a6d-b390-0f70fec4b256,Remon Louis,1,2026-06-21 21:02:56,خدمه سيئه جدا مفيش رد بالساعات..+ عدم وضوح بالسعرات الحراريه بالوجبات و ارقام خطأ
ea09cb2f-11d2-4f01-b6d2-518b3795ab13,Mohammed Raiyes,1,2026-06-20 10:28:40,"I don't usually rate apps, but this one is a disaster, I ordered and the delivery should be the next day, it took two days, the delivery guy came and wanted me to meet him outside the building, didn't even want to come to the apartment. while I wasn't available. and he left with my order instead of keeping outside my door. what kid of delivery is that?"
b43648b2-25ee-49d8-8beb-8ab8188ba3fa,ادم احمد البحيري,1,2026-06-15 17:34:22,لازم تحط رقمك عشان تفتح و مفيش مصر و مقدرش افتح التطبيق اغبي تطبيق
2c2ca083-269e-45ca-8628-ed36bb0252cc,Ahmed Alzayer,1,2026-06-13 16:07:43,the latest update made the app slower and the new meal UI is very bad
244a07f0-c9f4-48f9-8f2f-ed927fffc0b6,Omar Almobarak,1,2026-06-07 10:35:30,تطبيق فاشل كله يعلق و بطيئ ياليت تهتمون فيه اكثر
524f885a-e9dc-49b4-885b-b3b7080c2076,Saeed Al-shmrani,2,2026-06-06 18:34:51,الأكل ممتاز لكن التطبيق فيه إشكاليات وأيضا المفروض إنك تقدر تطلب من الموقع زي التطبيق.
0cfb18a3-64cc-4027-a00d-70e413e780cb,Hussin Khaled,5,2026-06-05 04:02:12,we need calo in iraq.
9d4a1306-2081-4a09-94fe-a2b17f3d0205,Omar Mohammed,1,2026-06-02 17:20:02,"I never post app ratings, but this app is so bad I felt the need to rate it. Can't even sign up."
874681a2-e2d7-47df-8531-878155993f97,Hannah Woodley,3,2026-06-02 08:36:18,The app images on Play Store are misleading - there aren't vegetarian plans available.
2a8ba517-6cc7-4ba2-9934-89186bc95ac5,Mubarak A. Bin daina,4,2026-05-19 08:43:35,fix your app every time i put otp its says error
68a5bf45-dc34-44dc-a57d-6b3acaeeded3,Monir Ahmed,5,2026-05-14 13:25:12,good 👍
187ae91a-fc04-4d46-a779-f69429779cd1,Yasmin Galal,5,2026-05-09 12:08:50,Good quality and variety
944edfd7-3450-4aa2-b73e-1f42ae78e9e0,IYUCH,1,2026-05-05 14:03:40,غالي يبي ٢٩ الف ونص عشان باقة سنة ليه الوليد بن طلال
b75abcf1-053f-490f-b11a-0d4bcf02d087,khalid -,1,2026-05-02 15:27:53,تطبيق بطيء
10465237-ecda-4116-ae19-186c1adbd33b,Abdulmohsen Almansour,4,2026-04-24 21:38:20,فوق التقييم سواء خدمات التطبيق ، او جودة الوجبات ، ولكن لعل الاسعار تنخفض قليلا بشرط الا تتغير الجودة
d125b357-9d2e-43ee-8c66-9eae44cc0449,Thuwrose,5,2026-04-22 19:24:46,تطبيق رائع جدا وسهل الاستخدام من الوقت و جودة وتنوع الوجبات على حسب حاجت العميل راقي جدا وخدمة التوصيل
73bc40f1-a423-4a18-876d-a7d80133a13c,Lord Rhodium Al-Hashmi,1,2026-04-19 08:21:49,"I can't log in, how I can't cancel the meal during travel!!! I really hate IT"
266d231d-b197-4adb-b4a0-abaf018b2e46,Hassan M,1,2026-04-18 22:18:13,قليلين ادب وليسوا كما بدأو ، السواقين كذابين وخدمة العملاء لا يردون عليك اساسا، كمية قلة أدب وكمية تقليل من احترام العميل كبيييييرة جدا لا انصح بالاشتراك معهم
86a3891d-2c29-4ead-85b4-829b1a1bf63d,Galaxy 20,5,2026-04-13 17:50:54,"This app is one of the best, if not the best, for healthy meal experiences."
87da09d7-e88b-49c0-8af9-0d04058fa3c7,Papa Sushi,2,2026-04-12 04:03:12,Terrible app for managing food delivery. If you want to change anything it usually ends in a support call. the support is good and usually resolved quickly. however this can become tiresome. A real shame as the actual food delivered is great.
46ee036d-0e00-4cf7-8112-c13e4e068bf1,Ayush Narayanan,1,2026-04-11 10:22:22,App is not working. Unable to renew subscription or pick meals
04d299dd-aa1f-4eea-b6b2-479f58824458,Hady Emam,1,2026-04-11 01:43:00,I wish their app was as good as their meals. App is too slow.. too slow.. too slow
ef4255ae-3f44-44f5-99d2-5d1b99385e83,Ricardo Zamora,3,2026-04-04 22:23:08,"I love the food, and the customer service has been good. But, the technical issues with the app are becoming a real issue. The app constantly freezes when swapping meals. Three times contacted the service, and three times they said they will transfer the issue with team. Nothing happens."
7dbe3217-58eb-49fc-83c9-0f3645edbcae,Omar Adel,1,2026-03-31 07:33:29,"horrible technical issues. App is a nightmare. However, if it works fine, Calo is all-round probably the best in the business. Trying to subscribe 1 year, tells me it's 2004 SAR /mo. (supposedly 24048 SAR/yr.) but the calculated total is 26052!! Was forced to renew with Mauzoon instead as the app crashed and logged me out and wasn't able to log back in again except after i deleted the entire thing and reinstalled"
8d9314f0-48bd-4d3c-80d1-94659ce52064,Aswin Unk,1,2026-03-24 08:13:29,the app is so badly designed. it crashes consistently when you try to swap meals.
75939539-818b-4080-b0db-b889a233eb6c,Raed Aljedawi,5,2026-03-18 20:39:02,I am surprised this app has such a low rating on the App store. it deserves at least 4/5 stars. it's a very practical app it gives you many options to choose from and it's very easy to swap meals. you can build your own meals. they have calo club which gives a very good discount. the support the super fast and they never disappoint you. they will always fix your problem and compensate you for any inconvenience. the meals are ok in general but the app makes Calo what it is.. I love it
4bc8ff8c-c1f4-4850-abf4-0175a238eeb8,Yasmine,2,2026-03-18 19:22:17,change your CTO - you're getting hustled by the abysmal work your technical team is doing on the app!
9d4bf683-429c-4117-a26b-82cff8a862c9,Timothy Becker,1,2026-03-12 02:55:59,Calo has good quality food and its in house nutrionists helpful. 2 weeks ago the app stopped working and I could not cancel food delivery leading to wasted food and money. The technical team are unable to fix the problem leaving me with no option but to look around for a company that has an app that works
2fd96713-2eac-4b11-ac6e-2825a1f069a5,Null N,2,2026-03-10 02:10:23,"Performance of the app is abysmal! They are a good food plans provider, but the application's performance is unacceptably slow and laggy. Really annoyed.."
9d864fbb-1bca-42ad-a315-b8d4568ee7d8,العابس,1,2026-03-05 01:15:34,لازم تدفع عشان تشوف الأكل ؟؟
ed673802-489b-45bb-b4c2-c7696c714349,mariola fircyk,1,2026-02-27 14:36:52,"The food they offer is delicious, the support available online when needed. BUT the app has sooo many glitches it's annoying and makes me want to cancel food subscription. If the app doesn't work well, just allow the same features through a browser instead!"
fc6b9bc5-01dd-4dba-8bb6-25d0c9f9e349,bilal aldwalibi,5,2026-02-21 00:56:21,amazing app ever 👏 😍
20880b1b-fade-4dd5-909a-6b93e3fc41c9,Eslam Ahmed,5,2026-02-20 18:15:16,Good quality food with lots of options
36e42277-63b5-4aad-9200-581ddef96e9b,Rim Kayal,5,2026-02-19 16:14:25,Practical
1fd208ea-ab48-41ee-9ddf-e3998f35626c,James MacDonald,4,2026-02-19 10:37:23,Nice food
c359283b-614d-4e91-9b6f-702d0f9956c9,Faisal j,4,2026-02-19 02:44:52,"some options that are put on the first page should be moved to the account, such as suspending order, or changing important thing by mistake."
85eab290-de35-4eb6-ad27-9a9dd7ddf231,Hiba Sultan,3,2026-02-19 01:46:36,"the foods actually really really good. even their customer service is fantastic. I just have a major issue with technical issues of the app. it keeps freezing on the payment page. the customer service, only in this case, we're extremely frustrating. they kept saying they will ""raise the issue"" but nothing would ever happen after. then they would tell me to uninstall n reinstall which is an understandable advice but Lord help me it. never. worked. the problem stayed no matter."
11d9a5d8-dd8b-4a1e-b92c-cba8dc93f8a6,dreamy reemy,5,2026-02-18 23:32:01,"amazing app, very creative and essy to use + attentive service! shout out to Reem from the chat team for saving me many times and making me feel so spoiled and special 🐈‍⬛❤️✨️"
bda3b53b-e0d4-4d8b-9853-180d572201d5,Malek Mohamed,5,2026-02-18 21:19:52,Best experience to loose weight and live healthier life💚 💚 💚
0c008866-4b09-4899-a96d-88d0afdc63fc,C. Pomales Sanchez Sr.,5,2026-02-18 20:44:16,"CALO, The best Staff and the best pre made meals. there's competition but this American has tried the competition and all bless their hearts but CALO is no1 quality no.1 customer service, no1 in Love. Ramadan Mumbarak!"
f5e753e7-3360-480e-b205-30f0875b6c91,Hana Barakat,5,2026-02-18 20:18:24,"extremely user friendly app, not to mention how great their customer service is"
68e88ace-3e63-4d67-ac0f-95cabd4e04dd,Lara Ayoub Agha,5,2026-02-18 19:04:54,"the best meal plan in the world!! the food is clean and healthy yet very tasty and big filling portions. and the employees are so polite and friendly and helpful. can not recommend it more, I'm their biggest forever loyal fan 💚"
89b315cb-98e6-4c9e-a70b-db57f09f4a85,Sara Alkaabi,5,2026-02-18 16:57:41,احسن تطبيق للأكل الصحي وافضل خدمة 🤩
97adefe3-0b62-4890-b8ca-e22111247cbd,Sho Ko,1,2026-02-17 15:07:57,Not good. Food not delivered on time and driver lied about delivery then have to really push for full refund as try everything but this. Not good to be this unreliable when marketing self as food delivery service thay substitutes own food.
81cb6ee0-9d1b-4995-aa8c-bb248f96441a,Mahmoud Elsaeed,1,2026-02-11 19:42:49,not tasty food at all
3c289c64-dcda-4db4-9bd8-ed6727be6eb8,Elham .S,1,2026-02-08 20:11:58,I am unable to login today
94afc8f3-51d4-4e9f-9cb8-3b2cb8b283d3,Fahad,1,2026-02-04 16:31:03,not worth it
b1b01780-4883-4276-8aa4-ebed26b20b3f,Francy Gutierrez,1,2026-02-03 20:09:18,"The app is not working, i cannot login,i never receive otp"
5dbbb890-75f1-4b1b-98e0-fcb651e5379b,Abdelkarim Abekkane,2,2026-01-30 04:05:37,لا يوجد جميع الدول
f5a45636-5000-4107-9803-9580ed451c5c,Kimberly Lopez,5,2026-01-19 17:38:53,very healthy & you can monitor your diet plan...
754bf11b-5da1-4526-9383-2da38dde19f6,Amani Fairak,1,2026-01-14 10:51:49,"even after the update, the app is painfully slow. it takes me 30 minutes to select meals! pls fix it!"
b43ec7cc-db34-43d2-9a3c-76c7097c8a45,Jack Denny,3,2026-01-07 04:02:22,The vegan options are pretty limited and there is no dark mode.
e0f4bb7c-a1c9-4209-94bb-49b00c832980,Ahmad El zaher,5,2026-01-03 03:08:06,Calo is the best
8df2f754-e36b-4390-b70b-bac371e65859,Tim Stevens,1,2025-12-14 19:11:58,"Two caesar salads in one day. Food quality is too variable. sometimes it is ok, but other days I have to buy additional food to make up for how poor calo is. overall its not worth it and I wont use it anymore"
b94b602a-3592-4f02-8b51-892133559120,ibrahim adhami,5,2025-12-01 02:20:17,"It is easy and flexible to use along with variety of meals, I like it"
e4e66915-6a20-4816-b5e1-5d16eff6c03d,Ritesh Vs,1,2025-11-30 20:38:12,fraud company i took their service it's not worth it
746b7f6b-7b03-454a-9060-03d14e7f14c1,Cihad Firat,1,2025-11-23 12:32:25,I subscribed to a meal plan and before start date confirmed with them delivery time. They didn't deliver on time and take no accountabity when I demanded a solution
63d6a44b-e7c9-4149-9387-3123fd07d02a,Sherif Amin,1,2025-11-18 21:25:28,i don't recommend at all as i was depending on him for receiving my meals but everytime he got delayed as they are depending on 1 vehicle for all meals
01f86759-58cf-4176-a07e-a93f4acf1bdc,Dhafer Alasmari,1,2025-11-18 07:19:08,سعره غالي جدا
a3f3c761-83e1-42ec-acb2-787d872e1ade,Fisal Alosaimi,1,2025-11-10 16:55:28,كله مشاكل تقنية طفشني
ab5fb681-4295-4bcb-87d5-3e6cbf7f1b5d,joud al-shuli,1,2025-11-06 20:24:36,The prices are extremely expensive.
51ac2d34-9865-4dc5-8378-94608ae3902a,Morro Is Bae,5,2025-11-02 17:47:10,This is one of the best meal app services I have paid for. I was really struggling with meals and had no experience with cooking which made me eat frozen food a lot but when I discovered a calo bag next to my neighbors door I gave it a try and it was amazing. the food is great and service is also good. I got to try many foods I never heard of and many delicious snacks. I am happy with everything calo has done and wish for this service to continue more. <3 <3
e54289fb-7837-4ef5-afa1-d36f34e62bf2,Cael,1,2025-10-30 20:06:10,Constantly freezes and crashes - the app is unusable
853853dc-9d3b-425a-9370-21dc06ee8a16,Dorothy Brooke,1,2025-10-27 19:52:55,just very unclear and confusing. used so many other subscription based services that have a much much clearer interface without even needing an app. this one is chaos and makes me not want to use the service
4f69f709-f495-465d-8e2c-de883050cfbc,I A,1,2025-10-25 19:58:44,you cannot see the menu without giving phone number
386a68a2-904f-4c6f-b26c-8efe2930b8f6,Robert,1,2025-10-22 07:38:06,"lmao why are you already asking for my credit card and I haven't been able to survey your app yet? you're crazy. and btw, you dont explicitly ask for someone's birth day unless its for a good reason and its preferably transparent. + your stuff is too expensive."
f368fdc5-d9ac-4cef-bb4c-9f4d191477da,My Bank,5,2025-10-20 23:10:01,this so good food I like too much I feel good to uze
3ed08133-eeca-4861-b525-81670457c07c,raja shaikh,1,2025-10-14 16:06:52,I asked to avoid beef and the delivered beef in breakfast Delivery was supposed to be morning they delivered the night before very bad experience the food was not that great too
5823bdb4-3ef7-47e2-98e3-44981c46379f,Abdulrahman Alsubhi,1,2025-10-11 16:50:29,the app is not working
5788e757-3d7e-4959-8cb4-70cf63365542,Meave z,3,2025-09-24 05:11:58,التطبيق عالاندرويد كل شوي يخرب ولازم ارجع احذفه وانزله كل يوم عشان اختار وجباتي حدثوه مو طبيعي ما عدلتوه للان مع كثر الشكاوي.
741598d3-737c-4677-b7ff-61479377211b,A T,1,2025-09-23 12:33:08,"I wish I could give -1 star DO NOT order from Calo. Horrible service—missed my meals two days in a row, despite me giving the correct location pin. They refuse to refund. Totally unprofessional. Avoid at all costs."
c46432fe-8471-4554-ac93-becf3d1736de,Mya C,1,2025-09-23 03:50:20,app keeps crashing. deliveries are consistently late. food is very nice however way too expensive.
1a88fb4f-6d4f-4b61-9136-3ac978cdaa72,Ali Sh.,1,2025-09-23 03:31:39,"Buggy application, it keeps crashing."
ebea5c3e-096b-454e-99f4-951bcb1caf8f,Tom,1,2025-09-21 13:21:00,"Avoid! Terrible service - half the meals were spoiled due to delivery issues (they're not refrigerated and the food was over 20 deg by 6am). Other days were missing meals or parts of the meals. Caused significantly more stress than it saves. Customer service is AI - they only offer more free days instead of refunding but because they can't get it right, you just waste your time and money. I guess the good reviews are from areas where they can actually operate (not South London)"
ac4d1165-dad1-441a-b287-15c0199cd1a4,Saad Malaise AlGhamdi,1,2025-09-20 21:50:26,"The app is horrendous, buggy and almost unusable"
a1593108-3267-4239-b66c-f16d7fb844c9,Yawar Abbas,5,2025-09-18 13:30:17,Good Food and good quality I love calo
395e5544-fa80-4ed1-bfee-bbcb93bb671b,Maria Lis,1,2025-09-17 13:01:33,"Calo's recent update has made the app difficult to use. I am unable to scroll through the food options, and the feature that shows my daily meal plan no longer works. Now, after several reinstallations, the app still doesnt let me scroll down. The new version also seems to have a bug that causes food to be skipped without my input. The app was great before, but it's currently unusable."
668b8a80-47b0-4faa-b7cc-98507e1b1e79,فارس الشهري,1,2025-09-16 23:10:22,"meals are good, however the app itself is buggy, especially not registering swiping movements"
0c42b70c-1cc4-4d5b-ba83-9ee42fbf1c59,Noor Al.Rumaidhi,1,2025-09-16 16:23:30,"The food is phenomenal but the app, it's horrendous. And when you try to get help they tell you to re-install instead of addressing the root issue of the awful app."
4c1b1019-340a-441f-9f1d-f5c809045d82,riham safa,1,2025-09-15 15:17:16,"I enjoy Calo meals and services. But the application keeps crashing on Android software and i struggle in choosing my weekly menu. Please fix this issue because i sent the customer service a complain about that a year ago, showing them a screen record of the system bugging as well."
021e7269-5e40-48aa-a79e-988890ce8c86,Ingrid S,1,2025-09-14 11:53:35,"Just can't scroll! since the latest update I can't scroll inside the app, I can't even click on market or account. How can I possibly amend anything or even pay for my weekly meals. Please repair immediately!"
230401d1-0256-415b-8ac5-33e107bb3908,Salim Babseil,1,2025-09-13 23:18:09,التطبيق يعمل فقط على جوجل وعلى هواوي لا يعمل. للاسف انا عندي هواوي.
dfa2ea51-05e2-4cfa-9755-7b1cb67eae9c,Shaista Akbar,1,2025-09-13 03:50:17,this app was good before but now even getting an answer to the most simplest question is a task. no one talks to you or answer your query. They have bots talking to you now and they just beat around the bush. its so frustrating
21e64260-5c70-49f0-b02a-8dec41caa4fc,Ahmed Rostom,1,2025-09-12 15:23:57,The app doesn't even allow me to login on Android.
4c97a446-16e7-43e1-95c3-30d7f6a4305e,Fares Al-Enizi,1,2025-09-12 07:51:09,last update doesn't let me scroll the screen
ab56514a-d894-46c5-a77d-42d4008ff642,Abdul Gamde,1,2025-09-11 14:01:04,"the latest app update on Android is very buggy, making it almost impossible to pay or pick the food. I had to use my wife's iphone as the apple version is much more stable. since the app is the only way to interact with the service it obviously makes this app and by extension the service absolutely miserable. if the company restores the version of last year then maybe I would change my review."
1ca1f71d-73c8-4fc9-8600-cbbc1c340847,W7 Potrez,1,2025-09-08 20:57:30,"Clearly, you didn't make much effort to develop this application Update: The application gave up and never worked even trying to reinstall, and still, it did keep crashing"
74c76f02-5e7a-4f25-9345-07c070117c4a,Rj Ouou,1,2025-09-02 20:35:09,نزلته وازعاج اسجل بكل شي لازم حتى ما اقدر اشوف الكنيو كل شوي يطلب شي حتى تاريخ الميلاد شنو هذا مسحته بطلب من دلفري ابرك
517ea9b6-b2c5-4bf8-a211-82f36076eb31,Ahmed Aleidan,1,2025-08-31 23:51:35,على اسعارهم العالية اشتركت متوقع خدمة واااو بس من اول يوم نكبه... سحبو علي ونمت جوعان
62d620cf-f4f1-459f-9efd-24096514ad9e,Lemme Ibrahim,1,2025-08-26 08:28:06,trying to create an account or log in...keep getting red error msg. fix your app calo!!
109da9ec-ea75-4113-b66e-81075c8708f6,FAHAD FASHATE,3,2025-08-25 20:54:42,"Service of Calo is fantastic but the app is not good. Keep crashing, also take forever to load without actually displaying info. If app is also made good then probably will give 5 star."
f377bad2-a638-4a53-80a8-b2310294b42c,richard swingler,1,2025-08-15 22:28:23,"honestly I like the meals and got onboarded from fresh fitness food. however, the app is so buggy and just does not work. making it really difficult to give this company money (the one thing you'd think would work). as of the latest update, can't even login. it's really broken my trust in a system I've used for over a year before they got acquired"
f464740a-fa59-400e-bbbc-56edc75144f2,M A,1,2025-08-15 21:31:42,الاسعار جدا مرتفعة و غير منطقية
280e9eed-ffde-4040-9ff5-48a0d4621c71,anfal jawad,5,2025-08-15 16:23:22,perfectoooo👌🏻
2d5c13b6-ded6-4068-ac51-bd12f7edad09,Harry Smith,1,2025-08-12 01:29:17,can't even complete the onboarding as half the input fields aren't responsive/don't work. shocking when you're trying to charge £120 for 10 meals...
fc6173c7-9db7-4e05-9d38-331853f97399,AbuOmar,2,2025-08-11 14:52:15,أسعار غالية، شدعوه ريوق يبدأ من 80 ريال!
91143940-19fe-4b8c-a253-c16b7f34f8a5,Eisa Almuhairi,5,2025-08-08 20:20:37,I really like the food taste my meals arrive early morning no late app is great so easy to put macros and swap meals if u dont like ur next meals u can arrange the whole week meals and swap the meal that you dont like i received 3 meals till now all are great !!
aa0cd815-7cb6-4406-9208-02696ed9ecef,khaled laywad,1,2025-08-08 17:46:12,The food is good but the app and support are very bad.
28068fad-bba8-4bcd-9001-2f9865534d54,Shosho Momo,5,2025-08-05 23:18:01,nice meals and different variety and options. I just wish the price is a little lower
bc52c45c-c66f-40c7-ae30-59bcc77fffbf,khalid al-ghamdi,1,2025-08-03 00:29:16,تطبيق فاشل واكل سيء 👎
1c90bf95-13c0-470f-9ae0-bbec82e31111,Yosof,1,2025-07-29 15:56:38,bad AI customer service
79471c5f-a1e4-4a53-b6dc-13c72adca2bb,Dia,5,2025-07-29 09:12:51,best of the best ❤️
84cc9ccc-fc8f-46c6-bc08-21865deee609,Ghayah Aldossary,1,2025-07-28 16:15:00,"I turned off auto-renewal, but the app still charged me without my consent. A discount code was shown but didn’t work. I was prompted to enable auto-renewal and declined. Despite that, I received an SMS a few hours later confirming a charge I never approved. There was no in-app confirmation, and no explanation. They refunded me only after I complained."
26b4702e-12f3-49f7-b5fb-7b9913d78c26,badoor al- holibi,1,2025-07-26 05:26:20,اشتريتُ سندويش بيض بسبب ألم بطني لدرجة اضطررتُ أن أصوم لأجل أن أريح بطني.
6f114731-a7ef-4e81-abf6-122707f64454,Mohamed Ibrahim,1,2025-07-13 19:00:01,they failed to deliver their service and after 1 week of requesting to refund my money they offered chesp offers with free 2 days and several messages they requested me to confirm that I accept to refund my money .. imagine after 1 week of my request to refund my money not recommended at all
c9fbed21-7ad0-42bd-920c-13a4678de517,Oun Atassi,1,2025-06-17 15:56:18,overpriced
fa819983-3aed-4b77-ae60-1598cdeebb78,Andri Ram,1,2025-06-16 02:47:30,"i want fresh fitness food back, the app is rubbish"
8240b28e-04dc-4530-becb-030248ea3b31,Hadi SYF.1,1,2025-06-16 01:57:57,التطبيق يقفل فجأة وفيه بطئ + بعض الصفحات متداخلة ولا تقدر تطلع منها الا بعد ماتقفل التطبيق وتفتحه
d8815fa2-90d6-4f85-abbe-0cf533ff9780,Mo san,1,2025-06-13 20:04:47,حملت التطبيق عشان اشوف الأسعار.. طلبني ايميل وجوال واسمي وطولي ووزني!!! ابغى اشوف السعر ليه اسجل كل هذي المعلومات؟؟
eedfb17c-da2e-4100-b967-840beaa7269d,Hamad Abdullah,5,2025-06-08 06:02:20,I think the food is delicious and healthy if you want to start a healthy life start it with calo👍
299e1ed9-f033-4961-8edc-ae50bb1a71c6,Hadi M,1,2025-05-31 21:47:15,good food but absolutely unusable application!!!! fix this !!! slow and laggy. tried android and ios version and both are really bad!
c4e85a76-2802-4520-b155-64f9960e6e74,Mohammad Alaa,1,2025-05-27 01:24:21,"I am from Egypt and I didn't, know how can I enter my phone number"
ee710dfb-79a9-4a54-9bc7-b4b516218fb8,Mohamad Darwish,2,2025-05-24 11:01:46,"while the food tastes food, ALL the food is extra spicy...with no option to remove it??? which never makes sense to me...also in their high protein diet, its almost always chicken, no seafood anywhere...limited beef options and no lamb at all...I dont think I will renew my 1 month subscription when it is done"
1a51efc6-c41a-4594-8ea1-f929621c89cb,TcheQ _,1,2025-05-22 00:32:45,asks for a lot of personal information before you learn that the cost is eyewatering and completely uncompetitive.
36e7d96f-5390-4283-b42a-7218b965cf51,Adel AlMajed,3,2025-05-20 16:04:36,كنت مشترك في كالو لمدة طويله نسبيا. المشكله ان وجباتهم فيها ثوم بشكل مستفز ولاينفع في للدوام. دايم اذكر ان الطلبات بدون ثوم لكن للاسف دايم تجي بثوم. بجرب تطبيق ثاني باذن الله
0aa622a7-b9fa-4666-b78b-334568097769,Hamzamustafa Abdullah,5,2025-05-16 17:02:44,great app ever
bfbd07eb-9b7f-4d9e-9002-898be377ee75,Mahmoud M Noureldin,4,2025-05-06 20:24:20,Food is good App has many issues Need to uninstall and install again for each login
d752fd20-7bb4-430a-a1e3-64c082ea520d,l.almulla 1,5,2025-05-05 18:35:25,ابلكيشن سهل الاستعمال و الاكل عندهم جدا لذيذ و التواصل معاهم سريع، و دايما يشترون خاطري مشتركينهم علشان ما يخسرونهم احب ارجع لهم كل فترة
08b6160a-213c-4cb3-99cd-1c71167d8c46,Nazar Abubaker,1,2025-04-30 14:29:38,"It has a very long onboarding that by the time I got to the subscription, I zoned out."
32b08349-16d6-43e3-840a-03db0581bd9b,Rami Al Johi,1,2025-04-28 19:54:16,"asking for too much data without showing their subscription plans, I think they sell their users' data"
a6367fec-f1c4-4b79-b2c0-b3a779d39399,Ashley Faqihi,1,2025-04-28 18:32:16,"terrible experience the food is not that good and god forbids you needed assistance, they don't reply to the chats promptly and there is no way to call them"
2b823774-a818-491b-9b0b-6967e994c0f5,Marah Qadan,1,2025-04-27 10:51:01,اشتركت اسبوع للتجربه واليوم هو اول يوم والانطباع سيء جدا اتفاجأ يوصلني الاكل بدون ملاعق او ادوات الاكل!! انا في دوامي ولا عندي وصول لاي مكان وعند التواصل مع خدمة العملاء يقول هاي خاصية لازم تفعيلها! صراحة وقت التسجيل ما طلعت معي وملاحظة للتطبيق نفسه مش مفروض تكون اختياري او لازم نضغط على تفعيل حتى توصل المشترك هذي من المفروض اساسيات معلش كلفو نفسكم شويه زياده! وطلبت منهم يوصلولي ادوات الاكل اليوم لكن يقولولي من بكرا توصلك بعد التفعيل والله كثر خيركم يا ريت في خدمة ييجي يردو الاكل لهم ما له داعي
2296dc1a-284c-4015-a883-e777594fc04b,Abdul Alghamdi,5,2025-04-24 23:42:09,"After trying their services for over 2 months, I can confidently say their meals are healthy and tasty that are in wide selection choices deliveried every day in top notch condition at VERY reasonable price especially if selected the three months subscription. I highly recommend Calo for those considering monitoring their calorie intake and want to safe time on meal prep and all the hustle that comes with. Plus a free gym membership that comes along with their 3 months plan at Fitness Time."
a7370128-57ff-4430-9bbd-5c999d37228d,Assim EN,1,2025-04-21 20:21:09,"wors experience in my life, they made me hate my diet plan the food is below average. keep in mind I'm collage students, I'm used to eat from our college cafeteria, not the used to eat from fancy restaurants 2ndly and this the worst problem, the delivery schedule is not flexible as they advertise, they have delivery line, and deliver the meals according to the delivery line not according to your schedule, for the past month they contact me before I get back home unprofessional attitude"
db7f34bc-5afd-47f8-bae9-630c5238b646,Jes Rael,1,2025-04-14 15:48:31,kicked me out then cant log in
baa3c182-3fda-4a48-9aec-b7babb262bcb,oumelkheir saad,5,2025-03-15 06:52:43,Great app
54b598b0-7363-4949-b65f-edec9f5e7ae5,izzat radzi,3,2025-03-11 17:36:39,Now the apps always ask to reload..
10ee4cd8-ecca-46c1-9354-273c5af18732,Yasmeen Ahmed Ballah,1,2025-03-06 16:08:42,Difficulty in registration because it is a specific application for some countries only
6a4b914c-ca13-4533-9abb-eda1d4847614,Nada Malki,5,2025-03-05 14:30:31,Most user-friendly meal delivery apps to ever exist! And the food quality and hygiene is world-class!
c9d71fa1-80e6-4499-bfd8-dd0cbe1710b6,Karim Haidar,1,2025-03-05 08:49:59,Worst customer service. They changed the delivery timings on their own without notice. I subsribe for lunch and dinner but they deliver it at 5pm! Who has lunch at such time. Three days in a row they missed deliveries. What a joke. Highly not recommended
7f11bc3a-2981-40f1-aee9-93b6a9df39cf,Jackson Webb,1,2025-03-03 01:27:55,Does not work in the UK
7d78734b-5886-4af8-9e75-4024eeae2eb7,Ahmed Ezz,1,2025-02-26 16:38:56,Fake offers very bad experience
9a0d3d18-fe1d-43a0-9b7a-82b8b9735c18,Niyas Tech,1,2025-02-22 16:25:19,Bad app
37b5d26d-1017-4360-9e3c-985ba3b43d6e,Muhammad Ramzan,5,2025-02-21 08:29:45,good food
b667b1a8-3884-4e09-b084-a3cb84640979,navya das,1,2025-02-20 21:19:35,This app is not working always crashing not a good experience
436e3466-9071-40b4-8541-009560b4cd83,Arwa Arwani,1,2025-02-20 12:29:13,They have a problem with their delivery service! Customer support is unable to sort out the problem for 2 days. Really disappointing.
2b205103-323c-419c-ab9c-2c931182d957,Nabo Alexi,1,2025-02-19 23:11:23,Very poor service they made me wait for entire day and nothing was delivered as they promised
2bc561ca-c07c-468c-a708-2c00e634905f,B,5,2025-02-18 15:40:00,رائعين
f395231b-5929-4b23-936f-7164ff5378cc,Sari Ramadan,1,2025-02-13 16:16:43,"Horrible company. They keep messing up the delivery. I'm forced to speak to them everyday to try and sort out the delivery and to escalate either wrong deliver or the delivered food box is smashed. The app broker down for 2 days and they are not able to fix it. Delivery time the offer are ridiculous. Who delivers food and day before at night? The food is not fresh the next day for consumption. And if they will deliver it in the morning, its between 7 to 11 am and it's never before 9 am."
333f0fef-3b0d-4ebd-9223-63aae7a0cf4e,Kerolyte,1,2025-02-09 11:54:11,"Can't sign up as I can't receive an OTP. Also, notifications use the word 'fam'. Cheap attempt at trying to appeal to malnourished teenagers. One more thing, they sell your personal data to third parties DESPITE you paying them."
04136d05-7de5-41cf-b5b9-c6ae6952c999,Meshary,1,2025-02-03 21:18:03,سيء و غالي جدا حتى يوم جيت الغي الاشتراك يقول 15 يوم و تجيك فلوسك يعني ما ادري وش ذا التعقيد. اضافة بعد اسبوع من التجربة بباقة ثانية و رأيي نفسه: الاكل سيء وغالي جدا و خدمة سيئة لا انصح فيه
c438d0cf-f0c6-4597-8c47-ec648870d003,seada46,3,2025-02-01 22:38:30,"I'm not sure about the slogan of ""Make meal plans great again"". I'm sure there are many other carchy phrases you could use."
b1fcab08-fb7f-4611-a26a-81c6fd19f260,Irfan Kiyani,1,2025-02-01 22:19:32,"Food is great but service is extremely poor. App is pathetic, slow, unresponsive."
dc206ed8-4ae2-466a-85a3-a7f45433fc8d,Tom Lenz,1,2025-01-25 08:52:53,"At first they were great. But then I mistakenly hit the plan button to check what else the plan had to offer and immediately charged me 4500SAR . I contacted the customer service, told them what happened and that I did not.want this service. I have never experienced an instant payment like this before ..and for so much money! They gave me typical AI/chatgpt asisted replies which added to the frustration. They then said it would take 3-15 days which is completely unacceptable. Watch for AI repl"
297ad3fd-90bc-49a1-880c-bebd69efbdf8,Manuel,1,2025-01-17 12:52:56,No iraq number
819c8d64-7d14-4adf-9fed-3c26061a5c70,Mohammed,1,2025-01-16 15:08:07,"I can't log in and pop a message ""Something went wrong, please try again later"""
5feb933e-8cc7-45de-a492-2c2197c67668,Faris Gari,1,2024-11-26 17:54:22,You don't have the right to ask to turn off data control in order to sign in.
50ec78ed-ab44-48a6-91b3-705a80ed7391,Francium,1,2024-11-24 10:09:22,انا هنا اتكلم عن البرنامج فقط ماجريت الاكل، حاولت اكثر من مرة اغير الخطة من بناء عضل الى خسارة وزن لكن ما قدرت. او اختار خطة محسوبة السعرات خاصة في
cc27affa-f557-4d4e-90d5-a7a572489124,Tarek Jawad,5,2024-11-23 03:26:01,The quality of their food plus the delicious taste are just PERFECT! Highly recommended ♥️
b5970f5e-7264-48b5-948f-945142b61688,Hamad Bin,1,2024-11-17 22:39:13,Unable to install the app
c7f1a19e-e980-4de1-82fb-5eff4f385e33,Mrs. Wejdan Abo-Alhija,4,2024-11-09 01:46:18,I want to recommend having high sodium diet to your list.
a2661dc2-3c24-4398-b7ea-6f5c5004ba08,Wael Al-ibrahim,1,2024-11-01 00:07:08,مافي تغطية مدينة صفوى
251d8541-50ae-4e46-a4c1-cab047ad1b45,Motaz Alkendi,1,2024-10-18 18:11:10,You have to pay just in order to see the menu. Ridiculous tactic.
14cabcc5-2d54-448a-8e2e-c264f4801e13,Ibrahim Mohammad,3,2024-10-16 04:57:25,Shi be expensive 😭 tryna go on a diet not a in a debt bruh 🙏😭
3b4c01e5-9e7e-422d-8ccf-cda074e2ada3,English Literature,5,2024-10-12 17:23:20,Meal planners rarely deliver to uaq And honestly I love it. the nice cute phrases they have. I'm vegetarian but I love the food especially that I tried many companies before
b7e336af-aee7-41e2-a06c-ef8ecc832219,Abdullah Kaaki,5,2024-10-08 21:45:22,"Great, does the job .. alwayas on time .. clean .. worth every penny .. thanks"
1522126e-f454-480c-b258-1f473e6dc91e,Sha123srt Shamal,5,2024-10-01 20:12:27,Nice work 👏 calo
91a53335-4750-4e86-82d7-470016742ab5,Samih Baki (ssska),3,2024-09-17 13:14:58,Bad not a good app
528b4d5b-2328-46fe-bf72-b93098826bec,Noah,3,2024-09-12 22:08:20,"The company delivers your lunch to your house the night before. This was a great system until they started delivering my lunches at around 10 or 11 PM. As much as I understand the difficulty of delivering everyone's meal early, I need my sleep. I can't be staying up 2 hours past my bedtime just so I can make sure to pick up my meal and put it in the refrigerator. Overall, good service, but no guarantee that they'll deliver it as early as you need."
1f205f79-fce5-481d-9e08-53281ffd008b,Dr. Mohammed Al Manea,5,2024-09-02 11:12:41,"Calo has exceeded my expectations in every aspect. They do listen to their customers. They are flexible. I loved the food variety, snacks, and delivery. I always pick up my Calo early morning at my work. Using their App is fun and creates wonder experience. The support team is great. Always available at your disposal. Please keep it up."
19b1c4de-5d60-4326-8efa-ad506636e498,Knowledge,1,2024-08-29 21:27:06,اخيس تطبيق ممكن تحمله ع جوالك
3561b371-4098-4f38-bd2d-39ca63d5b300,Arnold Monteiro,1,2024-08-29 18:50:22,"I have been using the service for 2 months and it has been great until today. The food quality has been great, the delivery and packaging has been good. However, they use a 3rd party delivery service that has become completely unreliable. They delivered more than 2 hrs before time time slot. When I reached out to their customer support on app, no response other than the generic we will escalate the issue. They are delivering food not some packages."
057d113a-ace9-47d6-b67e-dc03c2821c76,Mohammad,1,2024-08-27 23:58:43,Baaad
db010c99-0a47-4220-9058-9eaae164db57,Mohammed Al Sagheer,3,2024-08-22 00:31:48,Excellent so far. I am open for change of food.
efb7e201-9b36-43a5-8dc8-78760eb4b70a,Margret L.,5,2024-08-14 12:07:13,Very good
2a5bbdfe-9c0f-44de-ba2b-7ac7767ce19c,Hamza Nouali,1,2024-08-11 16:58:39,تلاعب بالسعر كل شهر، رفعو علي السعر ب 100 ريال كل شهر، و آخر شهر رفعو السعر 200 ريال التغيير في السعر يختلف من شخص لآخر. صديقي اشتراكه الشهري 300 ريال أقل من اشتراكي
c623e430-dd82-4c5a-8fd9-325c3bdc834e,Mandy Binney,1,2024-08-04 09:46:55,"They are quick to make you Renew your subscription by an annoying message for more than 5 days everyday, but they cannot fix a simple IT problem of me not viewing the menu page, I am now on day 5 of the app not working properly and they keep telling me the Team will get back to me! I have now requested a refund let's see how long it takes them to do this. Honestly I am very disappointed in the situation."
8569ad13-87b1-4209-84b7-54a8040ab9bd,Moutaz Mohammed,1,2024-07-30 22:47:43,الاسعار غالية ولافيه تجربة
4ef606b7-5163-4028-b350-847361dc74e5,Elias,1,2024-07-23 00:57:55,"I got a trial week and it was totally horrible, i couldn't login to my account because their app isn't working properly, they kept sending me beef despite that i don't prefer beef, they said they will compensate me and they never did, If there is -5 stars definitely it will be them"
fa5cc43b-1798-478d-98b5-4b700ebed0d2,Mohammed Bader,2,2024-07-22 22:13:41,I need to change address
3249b422-e463-4973-b439-e98842384b5c,Zoro Zoro,1,2024-07-16 17:48:33,اقترحوا خدمة العملاء اني اوقف اشتراكي قبل رمضان فقلت تمام جيتهم الحين ابغا باقي الايام قالولي انتهت لان لي سنه ما طالبتهم فيها يعني كل فلوسي ذاك راحت فجأه بلا سبب
33969c2a-8b05-4f20-8798-8405e63f2b7b,MiSHARY,1,2024-07-04 15:58:46,"The food is always off, especially the rice the past week has been under cooked, and the chicken was too chewy. And the beef had a weird smell."
c7c7fa16-24aa-40dd-80e8-e2a10c1b4cbb,Riyadh Ajman,1,2024-07-04 13:02:49,Not good
00fb7f88-c6bb-4a40-b8bd-406150611190,jojosaa,1,2024-07-04 07:14:43,Bad app don't download it
dfb66b3a-6121-47e4-b8f5-dcfd5087c4bf,kld,1,2024-07-03 15:08:47,احط قسيمة الخصم ويطلع لي رسالة انه تم خصم 100 ريال. لكن يبقى المبلغ مثل ما هو وما يطبق الخصم !
63993c38-129e-4074-abbf-e2dadd2ec942,Luay Kashef,2,2024-06-04 23:45:30,Overpriced
6c2c6e0a-852b-42cb-afdb-46880b67721c,Md Shahin,3,2024-05-30 11:07:06,্ত(৪মমনবটক দ৫মদদদ
21e4325d-5d5a-4bed-ad96-f3d0984e0900,OSMAN SAN,1,2024-05-28 19:41:11,اسعار مبالغ فيها
c705bcb5-0e69-4b80-b206-27178d5b20da,Norah Saud,1,2024-05-19 14:02:01,I made a corporate request on their form and it's been 2 weeks they did not get back to me at all. unprofessional
9435ec0d-6c77-4440-9a55-be69fb559f61,Asma K,1,2024-05-17 22:55:43,التطبيق سيء ومستفز يعلق بشكل يقهر اقعد ساعه اختار الوجبات
808deecf-7226-4750-aa06-4f33e582c7a9,Shaheen Al-Zuraiqi,5,2024-05-11 17:24:56,"To be fair I was skeptical, I've tried every premium and standard service in Kuwait (including the randos on Instagram) and I've never come across such a delicious, timely, consistent and well-coordinated system. To top it off, the customer service is prompt and super effective. The agents take their jobs seriously and give you a personal feel to their approach to any and all issues. The application is definitely well-maintained and updated frequently. Worth the subscription! No doubt!"
f552b6fd-097e-4b7e-8263-8d924983c2c9,Fakhry Ezzi,2,2024-05-01 14:04:45,The app is bugged and always has issue when trying to open. So many crashes as well.
d2043b2f-2d89-41da-a862-5d11d7def838,Motaz Asiry,1,2024-04-29 17:25:01,"Mandatory sign-up, can't view the meal options, bundles and pricing before signing up."
9eba842e-051f-44fa-bad6-5b3f5f6123e2,Jareer Abu Hmeidan,1,2024-04-20 23:47:03,"Their advertisement is full of lies. I subscribed to them because they claimed that they will deliver at the appropriate time for you. After I subscribed I asked they deliver at 9pm. They never did that, they leave the food at the doorstep 3 or 4 hours earlier and the food either get spoiled in the hot weather or it gets stolen from the doorstep. I complained for whole 2 months, and the issue still not fixed. Their customer service is completely useless.. they never fix anything. Just empty prom"
3dcf97fb-309e-4b21-84ac-ad064f34d9a8,Sami Khalil,2,2024-04-15 04:16:42,Helpfull but the app is very laggy and signs u out randomly overall very bad
064709a4-a6c8-4068-9939-b0f9a1797cbc,Mahmoud Osama,5,2024-03-29 00:17:42,high quality and good taste
d668704c-8f42-4c39-bc64-6df983c342fb,Murugan R,5,2024-03-09 16:29:53,M H M H L U
56507365-7168-4a07-a341-8e67f51a95d3,meltemax,5,2024-03-06 19:07:59,"the food options & quality are great , customers service quality is good. Honestly i like it and I don't mind to keep subscribing for months."
b67af17c-4f4b-4ac7-8d4c-0dac24c3e22d,Faisal Nahari,4,2024-02-22 16:35:58,bugs out sometimes
84fe7b53-967a-4fed-8bca-2a111a9a5001,RASHID NADEEM,5,2024-02-20 17:20:04,Ahad Bhatti
42d95e49-a7b2-4fd4-a3b5-976ee0ee8e27,Ibraheem,1,2024-02-19 14:29:48,2300sar for monthly payments .. I'm better off eating fast food 😂
ed2d29a2-146c-4294-a591-b9a69e4ed15d,Jasmine,1,2024-02-04 21:57:16,تجربة سيئة جدا طعام غير نظيف واللحم والدجاج من أسوأ ما يكون
47b89a6c-88a8-4727-99f6-7bf04428cb42,Abdulrahman Z,1,2024-01-19 14:19:03,Too many bugs with the app. Cant create an account. Otp issues + restarts your registration everytime. Although i got referred to this plan as food tastes good. But i can't access the service. Tried from the website but no use
ac33e753-b3fa-405c-b5c5-1c951520a8f3,K C,1,2024-01-17 23:16:51,No vegan option
56d55a9d-3fdf-4ff2-a79f-1e258dbd737e,Anon Bin Anon,2,2024-01-11 10:25:01,"Slow to load and feels clunky, moving between pages takes a while even with a fast smartphone, sometimes starting up the app takes 5 - 8 seconds. It does work though and looks nice once everything is loaded. Calo should improve their app, as a leading company this app isn't acceptable, it looks good but functions horribly in terms of speed and efficiency."
6f777175-217d-4971-a9a9-55fc4abdd77c,Mohamed Al-Ikhwan,5,2024-01-08 14:15:01,"Whoever is working on this app, good job I see your efforts and the constent improvement. Well done"
d7261722-3402-4336-a313-4d8aab94612a,IDNAe ale,5,2023-12-27 17:24:09,🕺
f6e6a558-e75a-41b5-9466-655073591498,Maher A,4,2023-12-17 15:47:55,"great app, tasty meals, and wonderful customer care. Now, app is not that great, it keeps logging out everytime"
3ad47394-7aba-469e-a4ff-e90a41747f4d,chafik T,1,2023-12-13 15:18:36,"Poor service from customer care, not able to reply to a simple question on their macro counts, which looks completely wrong on their app. Looks like this company is overrated as many here"
4d015719-87ce-4bf3-a9a1-160b284f8b36,Yousef Abu-Ghazaleh,2,2023-12-06 21:42:58,"the food is OK but the app is awful, have to login every time with phone number and it hasn't worked to send a code in the last 2 months. any time I wanna use the app I have to message customer service and they send a temporary code. really bad experience."
39112661-9543-4462-93be-33789f258bbf,Jamal Khan,5,2023-12-04 23:52:25,حرفيا الأفضل بلا منازع
75a17105-56c2-4ac7-ab43-75ab1bdc3d83,XMURADX,4,2023-12-04 23:40:41,"good, but over priced"
11d07dc9-9304-4b86-8e6e-9ef51f92bd62,M J,5,2023-11-27 22:03:01,Great service
f03bf0c3-3db2-4c21-8270-60692cda13c5,Rashid Mufti,1,2023-11-20 00:03:03,"Whenever I open the app , it keeps asking for login credentials"
bcde1e69-3388-4da6-925b-5351816e930b,Walaa 95,5,2023-11-19 21:31:36,"I was a committed user and a customer, and I was baring the issue that the app keeps asking me to update in everytime i try to log in keep in mind I face this issue multiple times a day. And what brings me to rate it to 1 star? The app logged me out and won't sign me in again, no matter how much try .. I uninstalled the app immediately. Because they keep android users neglected. Update: Customer service is the best, thanks a lot , just within a night, they fixed everything"
5835a5a4-3c45-4205-ac46-1d10a975780e,Ashwin Manoj,3,2023-11-19 20:05:28,"Great app, helps categorise my meals and does its job but it crashes way too much and the login speeds are extremely slow. Please fix 🙏"
d46a516d-195a-4800-ac75-d7d80312427d,Sajid,5,2023-11-18 15:38:30,Good
9340dc20-d5a7-4c25-b493-9b6b9ad2386c,Mo Abualsaud,4,2023-11-12 09:48:51,Overall my experiance has been productive and I've lost a good amount of weighttl thanks to the service providing my meals and calculating my calorie in take for me. My one complaint at the moment is that the recent updates seem to have played havoc with the delivery addresses for the upcoming days. With the package for the day as of writing this getting sent to my home address rather than work for example....
1eda5a2f-700a-4d4a-a35e-139d7c2a0283,Danish Shamsi,1,2023-11-07 15:05:29,Went with another meal plan as they don't deliver to Emaar South. The margins alone should make delivery to anywhere in Dubai possible!
7565ff8e-00ea-4cbd-9e76-374ba72686b0,Mohammed Al Baloushi,5,2023-11-01 23:01:59,"I didnt regret it, big thnx"
d442529a-3d2b-4a93-8fdc-0db61bda703d,Rayan Mattar,5,2023-10-30 23:05:47,Thank you Calo
7177a35b-f284-4f18-9e5a-a2243527931e,Zozo Alnasser,5,2023-10-26 00:23:41,After last update I cant open the app its closed immediatly ...I tried many time but it doesnt response
be153840-0622-481d-af1b-37725b095898,Mohammad Kourani,1,2023-10-14 21:51:52,Application is mot signing in
430f335a-252e-4ebd-8b76-22a8ad68f411,Rami Shuraim,5,2023-10-07 23:41:32,تجربة مميزة، اختيار اغذية، خدمة عملاء سريعة ومميزة، اكل كمياته افضل من مطاعم الدايت الاخرى
7120abb5-c6b0-4c98-a917-ced1f110152f,Phillip Channell,1,2023-10-07 12:35:47,"I can never get my credit cards to work for renewing subscriptions and since after the first month I've subscribed I've had to pay in cash, which is a hassle because I have to speak to support desk everytime to resolve the issue. My bank doesn't even see an attempted transactions. Finally I decided to uninstall and reinstall the app to see if maybe there was something wrong. I'm logged out and my American number won't receive code verifications. Now I can't contact the help desk through the app"
fe213e86-e2f9-426c-b44e-5a92dd45086b,Nada Shaheen,5,2023-09-28 23:19:17,excellent choice 👌
e01cb9d5-5aff-454a-a4a5-abfe4e6d2d6d,saud faqihi,5,2023-09-27 15:31:56,"great app, helps me not even think about handling my macros as I can completely depend on it, plus their customer service is honestly the best I've ever dealt with. They help me every step of the way with my questions and provide answers and fixes almost immediately, Overall I'm really happy with Calo and i don't think I'll be going to anyone else any time soon."
83e4e2a5-e41a-4f14-88fd-d4d0afba0c09,Maia Mandraburca,1,2023-09-25 12:02:05,"The funny explanations for all the updates do not make up for the awful experience that using the app is.. it's all the same ""update available... go to playstore, but update happens? Doesn't happen? And that is EVERY.TIME.I.OPEN.THE.APP"". no, I don't have a problem with the updates. I have a problem with having to jump through the loops of accepting the update, go to playstore, for nothing to actually happen in order to do the same again and again and again every time I visit the app!!"
106c6408-30e2-46fd-bf98-08bf795e71ab,Abdulmohsen Almutaani,5,2023-09-17 21:10:09,Fantastic service is available by Calo.
0d53ff80-05bd-411f-a135-1e690823d5fe,Rona Marx,1,2023-09-17 12:34:00,"Love the service and the food, but HATE the app. I always swap out my meals a week ahead, but this week all my meals were somehow scrambled and it's not what I want to eat 😡"
7f13650d-fcc2-4172-b877-320bd1f0580d,Mohammad Beydoun,1,2023-09-15 02:22:55,Keeps asking for updates
467994fc-bd00-4e2f-9f85-d100b94c7c3d,Mohammed,1,2023-09-13 20:28:29,Worst app and service
6a61c1cb-342e-476a-90ce-acbfd2868fb2,Abdulrahman Alshammari,1,2023-09-09 00:40:55,They cheated me when I used the SABIC discount. They did not allow me to add my points with my discount on sharing the application with friends! Very bad experience. I have filed a business fraud report.
947d9110-a0b6-4912-9bb1-15f1fb22132b,malika magomedova,4,2023-09-08 22:57:35,"Everything was fine, but time, the application simply does not open and has been crashing for a week. I ask you to solve this problem, because now I am deprived of the opportunity to choose dishes!!! I am extremely outraged by this state of affairs, since I cannot even contact support service, because my application simply does not open!!"
b882a67b-e782-49a7-b8d9-1e22cb0ff2e6,Am_ Sab,1,2023-09-07 14:46:06,دخلت الموقع الالكتروني مافي اي معلومات لازم احمل التطبيق إجباري، حملت التطبيق لازم اسجل دخول إجباري، ليش كل هذا التعقيد واللف والدوران وتضييع الوقت، انا ابغا اشوف واخذ فكرة عن الخدمات المقدمة والاسعار ونوع الوجبات، اذا ناسبتني وقتها احمل التطبيق واشترك Uninstall !!
9c32b8d4-4cf2-469d-90d2-75b96b691d42,Fahad M,2,2023-09-06 19:12:29,The app looks very nice and functional but it shuts down continuously during the registration process (5 times so far) Please fix this issue
7981ee9a-914a-4676-9eee-74db177470b4,Ahmed Docrat,1,2023-09-04 17:16:29,"App keeps crashing, unable to login"
9a6e4536-24f7-46a1-ac48-282ea42f4e56,a a,4,2023-09-04 02:23:24,The app is not working Please fix the issue
912c9bd7-d78f-40b3-8c92-1283eca1c375,Nourhan Chamseldine,5,2023-09-01 13:37:48,"Very good application, the food is very clean and we'll presented. The team is very supportive and ready to help you anytime. I am happy using Calo :)"
160fd579-292d-4764-b418-b44f059ec210,hekmat k,3,2023-08-31 18:55:10,"Great App and team, but I can't open the App 🥺 I think there is a bug."
c11c5921-5dc7-4542-9913-a5851c7e2c97,Abdullah ALKHODAIDI (AFK),2,2023-08-30 14:13:45,Food is exquisite. But the app is kept crashing all the time
5ceb5b3c-c554-4392-a1b4-1cf8d27d0cc2,Waleed SA,2,2023-08-30 10:49:22,التطبيق فيه مشكلة مو راضي يفتح
69165eaf-5beb-4d4e-8c07-a2fa5ff2adb9,Mohammad Awwad,1,2023-08-21 14:43:43,"The worst healthy food experience No taste , chicken not cooked well and smell bad"
c48a083e-8357-488a-9231-2d6f1191307c,Mohamed Hazem,5,2023-08-21 09:43:07,سهل الاستخدام وعملي ومفيد بشكل أسطوري أي رياضة أقوم بها تحسب أي أكل اكله يحسب
0dd1c9f3-ddc1-4638-975a-166bb7bfe453,Sami Khalil,5,2023-08-21 01:27:12,"Very good food actually amazing helped me lose lots of weight, Thanks calo team"
ebb524ac-ff76-4664-b716-d9ffe74da42b,x XOvOX x,1,2023-08-09 19:54:41,Slapping things together and calling it food
89f096b8-c83a-423d-b58c-11fdad9d43b1,Ahmed Ibrahim,5,2023-08-07 22:28:21,"For over three months, Calo has been my go-to for delicious, well-organized meals. Kudos to their remarkable support team! A tweak to allow meal blocking in auto selection would be welcome. On balance, my Calo experience is simply stellar."
d16a0b99-d616-43a7-a486-4107b1c65484,Sami Almudaris,1,2023-08-05 23:56:00,Tins of errors and issues
26a54941-e180-4c4c-8c25-919c4830d53c,naim subha,5,2023-07-25 11:08:04,Delicious food and engh quantity
6df410b2-facd-402c-93d7-9b8e431dc85c,Tender,2,2023-07-25 01:51:20,"I have been a customer with calo with a subscription of a week once , and two consecutive months.. at first the meals are wonderful.. customer service are very supportive etc.. with the time .. I found a red flags that will definitely change my mind of calo, I found an insect on the cover of my sandwich.. and today I ve received a meal with a rotten tomatos, I gave so many chances for the quality to improve.. but it is getting worse.. a loyal consumer has signed out from this app"
4566034d-2893-4828-9c28-d894005a3d3c,Zainab Darwish,5,2023-07-23 20:09:21,Perfect
9a916124-c9f5-4f99-a52d-7f93a69501dd,Shoaib Deira,1,2023-07-22 15:29:06,Saudi number is there I can't register I can't in Riyadh
7476b0e2-9a6e-44d2-a887-1ae7c9b1f9be,Sarah Sharaf,5,2023-07-11 12:08:48,Can't login
ecadca47-b65c-4412-96a0-d155e9e512e3,Mohamed AlMahroos,1,2023-07-10 08:54:25,I signed up with Calo meal plan. The App is fine customer support is good. The food tastes good but I got food poisoning TWICE in the same month. For highly unreccomended. Only if you enjoy food poisoning then go ahead. They definitely have an issue with storage of the food.
d2c20d41-c8bc-4786-b960-74c17981df64,Amany Alghilan,5,2023-07-09 23:38:37,من افضل التطبيقات الخاصة بالانظمة الغذائية الاكل كل طبق يقول الزود عندي من اللذاذة شكرا كالو من القلب🤍🤍
309fc4dd-bd9c-4cef-b097-f0637de067ed,Basim Bakhurji,2,2023-07-08 19:48:17,التطبيق كل مره أفتحه يعطيني رسالة إني لازم أحدث وأنا محدث يوديني على قوقل بلاي وطبعا ما في تحديث ثم أرجع للتطبيق ويشتغل طبيعي
d32fc6b8-9a75-448b-8167-a43d8f0c4aef,Alia salem,1,2023-07-07 09:49:40,Un haigeen food there is incat in food and the same meal I'm getting it over and over Why and there is no action been taken Food smell off raw meat So many complaints but no action
6925dc27-5e90-473e-b36a-e91d4d73741b,Mustafa Bodrick,5,2023-07-03 13:24:51,Amazing
c939c78b-255a-4c6e-9a51-254c8afe3879,A 1989,1,2023-06-27 20:51:36,Not working well
bc094ba6-c742-409f-9bee-3c78c32ceca3,Ali BNAMROO,4,2023-06-12 16:18:02,Very good but expensive
8acc406b-db38-45ce-845e-dfcdc6921628,Abdullah Alhmily,5,2023-06-06 11:32:04,Best app I have ever used for meal membership. Easy. Smart. creative
8fdbef9c-e437-4ef8-8726-debc485d7fad,Ahmed mazen,5,2023-06-05 22:15:18,awesome app in terms of easiness and details
dc8e587b-955f-427c-beff-0f1114ff0aeb,Randa Darwich,5,2023-06-05 12:34:53,"Amazing food, very flexible app and the service via the app support team is just the cherry on top! I love it"
1f9e7d31-22be-483b-965c-dadafa40bba9,Farid Khalifeh,1,2023-06-04 10:43:12,Difficult to pin location. Impossible to enter birth date
afe934d8-5f42-4f51-b248-df06f32ceb3b,Sara Al-hamoud,4,2023-05-28 21:27:19,ممتازين 👍🏻 بس اتمنى لو يضيفون خاصيه التعديل على الوجبه، تعبت وانا اشيل الطماطم والزبيب من اكلي 😅
bb152479-ba02-423d-acc6-d8f0512a52c7,Casper Forever,4,2023-05-21 16:31:58,expensive compared to others but professional 👌
b6e7fd55-16bd-4bc3-8550-0ef332979e7e,Zara Bakri,5,2023-05-20 23:11:48,"An absolute win in the meal delivery service. You can adjust pretty much everything to your liking in the app (which is user-friendly and non-annoying) and the food is not only healthy and of quality ingredients, it also tastes great. And don't get me started on their customer service; it's the best I've ever seen. They're there for you any time, any day. Calo's app and team are amazing. Thank you!"
516610ef-bf55-41af-9a72-ed1b009dbc62,Aziz,1,2023-05-11 22:21:22,Bland and outright atrocious food quality. The calculated macros are not even being met by the default plan. All the breakfast options are terrible.
eaa3749f-b6bb-4dff-9a29-1c1823d08674,Sara Folad,5,2023-05-05 23:49:11,Heaven
48dd1009-28ed-4fd0-b111-726b8d338ae3,roya ghurab,5,2023-05-02 22:35:11,جودة التطبيق والخدمة رائع جدا
31c7c7c3-78a2-43bb-9d40-656d4c9e1cf7,Abdullah G,3,2023-04-25 16:14:58,لا يغطي منطقتي . التسجيل معقد ايميل وجوال وطلب. وانا لسه بشوف التطبيق ايش. وهو يجمع معلومات . تم الحذف بنجاح
a10b6ac0-ca37-49f8-8dc9-1292d9156562,Paulo Eduardo Padilha,5,2023-04-11 15:35:45,Calo proposal for a healthy food is very interesting nowadays. The food is delicious and the support of the team is very helpful.
102fae2e-8464-4114-8fd3-dd956411be43,kaoru D,5,2023-03-29 22:31:31,"clean,tasty, and perfect👍"
56443f18-2cdd-4666-8c59-0bf3ac8fdc63,Fahmi Haha,5,2023-03-27 22:03:29,Amazing food taste and portions
a5435ecb-e710-4ba4-bd14-9f265db3e0e8,Bassel Alhussein,5,2023-03-14 23:57:29,Great experience
9204eeec-b17a-447d-9d97-8825a7da7ad0,Saif Saif,5,2023-03-07 21:07:21,this application: 1. serving people they are busy in life where it's hard to manage time for cooking. 2. it's an available and suitable choice among the many fastfood restaurants.
32e3c558-2e61-4c68-85e1-c70d61671d1b,Leona White,1,2023-03-01 01:17:59,Getting stuck over and over. I tried like 6 times and I have to start over again from beginning. So hectic
ee9cb36d-cc52-4874-836c-97bdbfd14949,Maya Ayam,1,2023-02-11 00:52:13,"مقدر أشوف قائمة الوجبات بأية طريقة (من التطبيق ومن الموقع) إلا إذا سجلت!!! I cannot view menu unless I sign up, which really annoying and unnecessary."
988f97d8-d44f-4133-abd8-8e33c8d4f97a,Chezmeista,5,2023-02-09 09:30:25,"Very happy with this service, excellent food options, delivery & support."
b6793a47-8d68-42fa-bed7-1a5daa3d6247,Donatas Simkus,1,2023-02-07 16:51:40,"Kids size portitions. Many calls and many more messages to arrenge or fix some issues. Received first box 1 day too early. Sencond day 1 breakfast was missing. For the last 2 days I was giving food to colleagues because food gave me digesting issues and bloat me up. Food its a matter of taste but not for me who is lookimg simple, healthy and not synthetic. I asked to stop all marketing communciations because i was receiveing them every other day but still push was send."
2bff6c14-c936-4d8d-a810-fda21a104f76,Adéla Žídková,5,2023-01-29 15:47:26,"amazing customer service, tasty food. can just recommend to everybody"
b897f609-3ce7-4bae-aaf8-6f3c7d2c75be,Abdullah Al Khudairi,5,2023-01-29 15:41:49,It's a must try. The food is amazing
fd012d04-9a5a-4316-8167-f16f67811740,raghad zaitoun,5,2023-01-22 14:32:29,"Great food and brilliant services. The food is always delivered on time, and the app is really easy to use 👌"
2dd90020-ac75-47ba-8594-d3b984f59570,Moayad Abdo,5,2023-01-08 17:03:18,اكلهم لذيذ وخدمة متميزة
81c23884-7177-4f01-878b-bc30dab40298,Abulaziz Alrasheed,1,2022-12-26 23:01:56,very bad services
54a65d79-9e30-4b49-bf30-e836c18eaee1,Hammad Hmod,1,2022-12-23 20:06:51,"""We didn't deliver here yet""!! The location is in Riyadh one if the north districts !!!"
f3c6c099-95f8-41a5-a10d-c49fd480ad14,Fatma Alobaida,1,2022-12-16 00:44:36,it's difficult to add address 👎👎👎
31fe54ba-8c90-44eb-b3d8-857a5d82c008,Maha Alahmadi,1,2022-12-13 22:07:54,خلل في اجراءات تسليم الوجبات استمر وبدون حل .. مشكلة في التطبيق لم يتم حلها رغم تكرار التواصل و شرح المشكلة التواصل جدا سيء وتهميش واضح للمشكلات واهمال واضح للعميل المشترك .. كانت تجربة غير جيدة
e2f01cb0-03d9-4fcc-a4eb-85a13c1fb9af,Osamah Waqfi,2,2022-12-05 01:30:14,"The app is easy to use and nice to navigate through. However, it gets stuck on the welcome page and other pages alot. Happy to changey review once the bugs are fixed."
a3083f78-3d95-4f40-91d7-f064e046d491,Abdullah Alamodi,4,2022-11-24 23:25:02,I can't register via phone number.
bd55a311-0b2c-462b-b57d-2903dcf206cf,Balogun Adeyemi,5,2022-11-23 16:45:26,"Calo make me enjoyed My holiday in KSA,One of the best if not the best that do take their Customer priority serious. Their meal are delicious,Is been a wonderful experience. Love you guys from Nigeria ❤️"
d2f42fc7-f84a-497c-8abd-e1a9e77db85c,Abdullah Alghamdi,5,2022-11-15 22:41:24,"a lot of options , punctual , yummy food and customer service at its best"
6eb99af5-bc21-454a-a38f-3fdfca7a9131,Sultanah Alsu,5,2022-11-15 11:05:57,Good
3358074c-809b-4dc5-a915-4bda23ede2f8,Yasser AL Eitani,5,2022-11-09 23:36:08,"Delicious food options, amazing customer service, they never go wrong."
37ed8853-5e8a-4c6f-a0ad-3284d0b6dd6f,Saad Al-Sakran,1,2022-11-06 13:16:25,"Before installing the app, I went through the reviews and many of which was related to "" rudely "" asking to sign up Before even seeing the meals and offering. That was months ago. The app management promised to solve that and enhance the experience but unfortunately it's the same issue after I install the app. This is indicate serious issue that app management does not pay attention to user requirements."
eaf27211-8098-4b9e-9bd2-56364bb0dfb1,Abdulaziz Alkewaibeen,5,2022-10-30 21:06:44,تطبيق عال العال. سهل و واضح. متحمس اجرب الإشتراك معهم.
debfbc44-83e2-4ad0-b4ae-3e14dce1d398,Samah Gari,5,2022-10-13 16:06:04,"Excuse me! Where do I sign up my life time subscription!!! Bcuz duuuddee I just innn loovvveee with this app, customer service, and most important the delicious meaalls 😋😋🤍🤍🤍🤍🤍"
83fac944-1db5-4df2-ad51-4ac4ac455b08,Fatimah,5,2022-10-09 02:49:13,One of the best apps ❤️❤️❤️
e46c330e-c4cb-48eb-be04-957dd837a104,Hanadi Alnegh,5,2022-10-07 23:43:56,"The only meal plan app I was able to love. Everything about Calo is amazing. Delicious food, user friendly app and great customer service. I recommended to my friends and they all agree!"
89a90dbf-2168-4c57-90d7-f277d2651c62,Lamya Amer,5,2022-10-05 20:43:18,Very good
8f61adf0-c4de-441b-addd-3ba01155681d,Nouf Alqahtani,5,2022-10-04 22:54:50,Great app for meals subscription. Healthy and delicious menu at great value.
6754bcc3-304e-4b74-9f8b-1f753e88865e,MISS OTTOMAN,5,2022-09-12 20:53:35,Excellent
8d9cd568-115f-401c-a08c-d4db3a19ff89,3lo - sh,5,2022-08-29 13:10:15,تعامل جبار وراقي وسريع يخي اول مره اخش اعلق احرجوني بتعاملهم اطلبوا منهم والاكل لذيذذذ شكرا لكم
f70bb0ca-18c7-4c87-8ad0-84f2c15b4ddb,Husna Hasan,5,2022-08-17 18:18:13,Can't be beat!
affb1bdb-3db6-40b5-a16d-9f0487e1a8cb,Zeeshan Siddiqui,5,2022-08-16 14:05:30,"Custom meal plans, flexible delivery options, delicious food, timely deliveries, and awesome customer service. My experience with CALO has been a breeze. Highly recommended. ♥ 😌"
fa3a3107-f892-4540-9a7f-cdb49d378215,Jan Kvasna,5,2022-08-15 22:03:33,"Amazing food, great application, the entire process is very simple and convenient. Their customer service is the best 🥰"
9a7bcd32-de71-4fbe-991b-4830696e407a,Bala Nair,5,2022-08-15 18:44:33,Has excellent choice of healthy meals.
429ac9f5-fef7-4e15-ac72-fc468a65971f,Rami S,5,2022-08-03 23:58:36,Phenomenal customer service
d54d84e4-8df0-401f-8020-1d4784559cd4,Mahmoud Al-Jarrash,1,2022-08-02 12:28:22,The app will ask you to sign up before even seeing the meals and offers. I uninstalled it immediately.
86ee0465-0a3f-4471-ac6d-40bf2a859a4f,Hatim Bukhari,2,2022-07-30 08:27:06,التطبيع سيئ وبس أواجه مشكلة في الدخول وبالتالي موقادر أختار الوجبات أو أعمل أي تغييرات أحتاجها وأضطر للإتصال
ed94ceda-2a25-479a-a490-1de22e879619,Vipin Vasanth,5,2022-07-25 18:41:49,"Subscribing to Calo was one of the best decisions I made. The meals, packing, hygiene, taste ,customer support, the delivery boys everything has been top notch. Really a ten star experience. It also helped me in my weight loss journey and I weigh 10kgs lighter after 5 months. A big thanks and hugs to all Calo Team members and may you continue the good work and change many lives for good. Much love💓 Cheers ✌️"
1f98695d-61ca-47be-8136-5fedf4479e05,Wael Alqahtani,1,2022-07-25 03:00:07,Not working properly!
c6a38122-1fa0-4ebb-b0ad-52d2c577ceb5,Hajrat Hussain al,1,2022-07-23 18:06:55,I take it before last month I could not recommended this much more to 2 time I'm feel to eat menu food I feel very bed vomiting like.the food tasteless and not lose my fat.and all menu I see same meal and the item just convert very unhealthy food ..
3781e24d-35c5-40af-a22f-678bf2fe0ebb,Abed Yassin,5,2022-07-17 17:27:41,"I barely write reviews, and when I do, it's usually to express dissatisfaction. However, credit where credit's due, this is hands down the best customer support experience I have ever had, the team goes above and beyond to ensure customer satisfaction and not to mention the delicious meals that keep me coming back for more. Well done!"
52b2dc69-fcdb-496e-aaf2-348466b5c199,faisal alibrahim,1,2022-06-21 06:11:19,"Can't modify my location, I can't modify anything, stupid app"
100a11b5-0245-4e3b-8587-8d5009f091c2,Hsn Hsn,1,2022-06-16 01:29:06,"Very bad experiance .. the app asks to sign up with email before showing you what are the meals options they have. In addition, it doesn't support Arabic. Uninstalled."
05a571cf-36c6-44a4-92ea-f270a2eaf443,Huda Abdulaziz,1,2022-05-24 15:00:43,الاكل اقل ماتوقعت...لايوجد اي بهارات او طعم تأكل ولاتعرف ايش الطعم..حليب جوز الهند مرتين تحس طعمه قديم زناخه فيه السمك غير مستوي ونوعيته اقل من المتوسط
beb0a7b1-2872-4273-bbef-33a8473efb7e,BAQER M ALNAJAD,1,2022-05-23 13:14:12,لا يوجد خيار اللغة العربية
f11f7289-250e-4ba4-a065-4268f708c268,ahmed alzahrani,1,2022-05-10 17:41:55,"I can't download the app, it is stuck on pending!"
0b1f45be-e1cb-4593-89fa-82c9b2506726,Nasser Abdulaziz,2,2022-04-14 02:07:05,"The meals are not as expected and normal, fish is so bad. The price not worth it. I will not Recommend it"
150016d8-47a1-421a-acbe-82685bf5d605,Feras AbuSelah,5,2022-03-22 02:45:34,اكثر من رائع من الاهتمام بالتفاصيل الى الفن بالطبخ و الطعم و جودة الاكل و المستحضرات و عمل معادله لك على حسب وزنك و عمرك و طولك و يسئلون اذا عندك حساسيه من شئ محدد
b3e9baf2-2af3-4bac-bb69-2c7e86cf6365,alfadel Alshaibani,5,2022-03-15 17:56:23,Very delicious food
48916fd9-ce05-44a1-a34a-1b096b0f4346,Ahmed Araheem,1,2022-03-15 10:10:21,you had to allow us to browse the options before registering. do not ask for my data on the first page. please show me what you have first.
4a298887-1a75-4119-ab64-7427096774b6,Esam Alaslmy,1,2022-03-11 10:55:15,"When I come to select the package I want, it gives me error says ""minimum price should be 60 SAR/day"""
115bbc63-92ce-497a-90de-9870d2f6b023,Ebrahim Al Sayegh,4,2021-12-29 20:50:17,Good
9dae94e8-66ea-499d-89ad-fe3d1d42493a,Alanoud M,5,2021-12-29 14:03:39,Great! Very easy to use and professional customers service 👍
41172a26-3349-46c1-972c-b47a225d416c,Ahmed Agel,1,2021-12-24 12:10:51,مشكلتي معهم كانت فقط في التوصيل. اشتركت شهر والمفروض من مندوب التوصيل انه يجي بين الساعة السادسة الى العاشرة مساءً حسب الوقت المناسب لك كعميل لكن الحاصل العكس تماماً يتصل عليك المندوب في اي وقت يقول أنا عند الباب!! وتشكتي للشركة وتتفاجأ انهم واقفين بصف المندوب وكانك انت يالعميل غلطان المفروض انك تجلس في البيت اربع ساعات حاط يدك على خدك تنتظر معالي المندوب. لا انصح بالتعامل مع هذه الشركة السيئة الادارة نهائياً
daf231de-3231-4cf4-914e-9c923042a14c,Amir Ahmad,1,2021-12-14 14:10:45,The just want to want squeeze your pocket for poor and cheap food
ca041410-a939-448d-8691-38306114c2de,haya Zzz,2,2021-11-24 21:46:19,"the food was just not for me, the rices and fish was so bad so is there sauces, and it was too expensive, the food was not worth the price at all. *if you're going to join I recommend to only get from the breakfast menu*"
d48f478e-375e-43d7-936c-8152634370c1,Nabeel Almaani,5,2021-11-15 12:18:34,Authentic service.
f55ba592-5b3e-42b2-a560-f59b5ae740cd,Muhammad Ahmad,1,2021-11-12 01:28:59,App is crashing on android. Can't logi
2fd815b7-d1df-4a84-b74c-f721a57fdb7f,Hajar Abdullah,4,2021-10-24 20:54:48,Nice customer service!
d4db3b60-1e74-400b-8c8e-dcd392373564,May Almehaizea,5,2021-10-07 14:48:56,You are the best.
e78edd3b-49ef-4c48-9085-7bc3148c4a7f,Fajaz K. C. Hildebrandt,4,2021-09-08 13:57:39,"This is an excellent app to go along with the Calo meal prep programme. The food is excellent and always delivered on time. Enough about the program, let's talk about the app. Its visually appealing and very easy to use. I did notice something very odd about the app though which is also the reason I can't give the app a 5 star rating. The app won't let me rate or give feedback on the food that I have eaten yesterday, but it does allow me to rate food from tomorrow that I haven't received. Why?"
5b6099d3-9fde-4f87-aac5-7156a355a6b5,A Salman,3,2021-08-04 23:20:51,"Am going to give my truly honest opinion about the app and company calo bahrain , the food quality for me is great , the delivery service could be better in term of flexible timing...the deal breaker which is for me personally is the prices a bit expensive so this is one of the reason that some return customers will consider before renew again at least you could make a special price or offer for returning customers so you encourage people to be a loyal with u , plans prices not same"
5013d409-3177-45d4-9873-3e8554fb1b62,Abdul aziz,4,2021-07-21 22:22:44,Goog
7e71d592-74de-440f-8da9-3f53d8455b2c,Mona Neama,5,2021-06-23 19:33:41,Love Calo!❤
1e618be4-d45c-4799-a775-6bd6efe44686,Wah Jd,5,2021-06-21 23:46:53,Loved it
706d551b-8802-4873-a71d-16434eba9217,Emmy Rahmat,5,2021-06-21 20:02:22,"Thank you to entire Calo team right down to the delivery guys. Wonderful app, Great support group. Most of all, i am approaching my ideal weight while enjoying super delicious meals."
68ec402a-6842-4d9c-a916-02495b7f95b3,Alex Falzon,5,2021-06-14 18:57:09,Great service and food
480b2797-85e7-42fe-ae1d-0145035ac4d9,Jannat Alasfoor,5,2021-05-27 17:23:59,"Really good application, very inspiring. Food was good and always came on time. Highly recommended."
7bd496f2-aa1e-480f-8562-545347cfb1fe,Al-Fardan. BH,3,2021-05-02 18:02:58,Not Enough Options.
0d7ba5f1-9dd1-4b65-b265-0237d6d8fcfb,HM jr,5,2021-04-15 05:07:02,Amazing app + tasty food 🥑
baf6016f-e79b-4859-8df2-db31b4f8c0d1,sweet bird,5,2021-04-05 14:04:27,Best app best food best service 🌹🌹🌹
72cd5d25-85b8-4769-9b54-03b6e1d6a8ce,AbdulLatif Al Doseri,5,2021-03-14 11:09:14,Amazing app
ddd32f2e-7f85-4275-bb8f-81364818ce48,Ahmed Saad,5,2021-03-12 18:02:18,Good
bdc30c19-bc26-468d-93c2-ed14718db299,Nasser Al Tattan,5,2021-03-04 14:02:58,"Best food app, they really help u in reaching your desired goal.. staff are friendly and easy to reach through the app 24/7 (main pillars of a great business is the quality and service which they have already accomplished since the establishment). Well done Calo app 👏"
6cb6b3a8-3d4c-4919-98f9-0f188d5aad5f,Mustafa Ali,2,2021-03-01 14:06:08,Average app and exaggerated prices.
abe936da-9550-411f-81d7-116746026447,Marwa Ul-Haq,1,2021-02-13 18:59:16,App crashes when inputting information on sign up.
7caaae07-7b03-4074-a066-cc692174c3c9,Mohamed,5,2021-01-28 12:44:19,App works fine now..thanks for the fast response
a04a147f-8671-438d-b09b-fc3e26e11e28,Yaseen Noor,5,2021-01-26 23:30:42,"Very amazing team, detailed info regarding your meals, optional vegan meal plan, and superb customer service. Highly recommend their meals for anyone, especially those who find it a bit difficult to plan for the day."
2564a04b-2b79-4ca1-92cf-1d2e0d9c8068,Caoimhe Finnan,5,2021-01-25 16:15:53,Great food
b8951b98-8ef5-4732-ad2a-371f6d9609f1,Hani M,5,2021-01-25 00:08:55,Downloaded the update today and the app doesn't open at all. Help?
15089eab-77b1-4242-b937-02ebec0636fb,Irfan MH,1,2020-11-20 18:12:33,Fix the app
9a6999be-0221-4104-9c6b-8cd38e8cae90,Zahra Ghanbari,5,2020-11-12 20:58:25,"Such an amazing and easy App to use! Great food quality and meal plans and really great and effecient service! You can choose between lots of meal options every day, and they even SMS to let you know they delivered the meal for the day. Food is delicious and fresh!"
18bb1bba-14ef-462a-b589-ab3835927dad,Aisha A.majeed,5,2020-10-25 10:50:02,App made my life so much easier
884337f8-17db-4eb0-b8da-3c74bbe75dcc,maria durber,5,2020-10-05 19:00:54,"Love the app, love the food, the customer service is excellent."
eafcf1aa-8117-470c-8ce3-c34d1adc19e2,Mohamed M Al Kooheji,5,2020-07-30 20:33:33,"The Food is really good but what I'm most impressed with is the App. The App is AMAZING, so user friendly one if the best I've seen. Customer support is unbelievable, they respond immediately! Best of Luck Calo. So proud this is a Bahraini Company."
8d6946bb-3b53-4701-bd22-adc31d19dd8f,Olga Puentes Moreno,5,2020-07-29 19:28:40,"Best food I had in Bahrain! And the customer service is a 100 stars!❤🏅love you, guys!"
53f3e8ff-46eb-449d-9c07-99e00a630173,mohd khamis,5,2020-07-14 21:27:44,Food is damn good😍😍
3dad0ce0-f580-47d2-b16f-ffda8dcbbe7a,Ali Rashed,5,2020-07-14 21:26:14,Amazing
48b77061-fee1-4bf5-a3df-095ee05c86ad,Mohanad Almaskati,5,2020-06-15 16:59:45,Amazing amazing amazing thats all i can say
201e120c-fcf8-4266-b542-5b61a2562578,Latifa Sanad,5,2020-06-05 13:56:15,Amazing
91214efa-9798-423b-86a9-40b207977714,Yazin S,5,2020-06-03 20:37:03,Great food!
995196a0-5853-4ca9-846c-7ac809022608,A Google user,5,2020-03-29 17:53:57,"Happy user, food tastes great -- and knowing I'm eating healthy is a feeling I get from very few other food joints"
